"9222484","フェルトだま＊ヘアゴム","450","アクセサリー/ヘアゴム","https://minne.com/items/9222484","https://static.minne.com/productimages/34115025/medium/20840dbf92eba22c93fb24475f7ee13113b0722b.jpg?1494317211"
"7438114","とりとりとりっこ（大）","750","ファッション/その他","https://minne.com/items/7438114","https://static.minne.com/productimages/34115025/medium/20840dbf92eba22c93fb24475f7ee13113b0722b.jpg?1494317211"
"9561178","とりとりとりっこ（小）","650","アクセサリー/コサージュ・ブローチ","https://minne.com/items/9561178","https://static.minne.com/productimages/34115025/medium/20840dbf92eba22c93fb24475f7ee13113b0722b.jpg?1494317211"
"9516343","もくもくくも＊ガーランド","1650","ぬいぐるみ・人形/フェルト","https://minne.com/items/9516343","https://static.minne.com/productimages/34115025/medium/20840dbf92eba22c93fb24475f7ee13113b0722b.jpg?1494317211"
"9244717","フェザーモチーフ＊ピアス","650","アクセサリー/ピアス","https://minne.com/items/9244717","https://static.minne.com/productimages/34115025/medium/20840dbf92eba22c93fb24475f7ee13113b0722b.jpg?1494317211"
"9410713","うきわ＊ノンホールピアス＊夏","650","アクセサリー/イヤリング","https://minne.com/items/9410713","https://static.minne.com/productimages/34115025/medium/20840dbf92eba22c93fb24475f7ee13113b0722b.jpg?1494317211"
"9398150","うきわ＊夏のイヤホンジャック","550","アクセサリー/キーホルダー・ストラップ","https://minne.com/items/9398150","https://static.minne.com/productimages/34115025/medium/20840dbf92eba22c93fb24475f7ee13113b0722b.jpg?1494317211"
"9548925","ラッピングペーパー（クラフト）＊傘　A3 / A4","380","文房具・ステーショナリー/カード・レター・ラッピング","https://minne.com/items/9548925","https://static.minne.com/productimages/34115025/medium/20840dbf92eba22c93fb24475f7ee13113b0722b.jpg?1494317211"
"9592471","ラッピングペーパー＊傘　A3 / A4","380","文房具・ステーショナリー/カード・レター・ラッピング","https://minne.com/items/9592471","https://static.minne.com/productimages/34115025/medium/20840dbf92eba22c93fb24475f7ee13113b0722b.jpg?1494317211"
"9592510","ラッピングペーパー＊みずのおと　A3 / A4","380","文房具・ステーショナリー/カード・レター・ラッピング","https://minne.com/items/9592510","https://static.minne.com/productimages/34115025/medium/20840dbf92eba22c93fb24475f7ee13113b0722b.jpg?1494317211"
"9397981","ラッピングペーパー（クラフト）＊遊園地　A3／A4","360","文房具・ステーショナリー/カード・レター・ラッピング","https://minne.com/items/9397981","https://static.minne.com/productimages/34115025/medium/20840dbf92eba22c93fb24475f7ee13113b0722b.jpg?1494317211"
"9397935","ラッピングペーパー（クラフト）＊ペンギン","360","文房具・ステーショナリー/カード・レター・ラッピング","https://minne.com/items/9397935","https://static.minne.com/productimages/34115025/medium/20840dbf92eba22c93fb24475f7ee13113b0722b.jpg?1494317211"
"9397823","ラッピングペーパー（クラフト）＊ステーショナリー　A3 / A4","360","文房具・ステーショナリー/カード・レター・ラッピング","https://minne.com/items/9397823","https://static.minne.com/productimages/34115025/medium/20840dbf92eba22c93fb24475f7ee13113b0722b.jpg?1494317211"
"9397657","ラッピングペーパー（クラフト）＊おむすび　A3 / A4","360","文房具・ステーショナリー/カード・レター・ラッピング","https://minne.com/items/9397657","https://static.minne.com/productimages/34115025/medium/20840dbf92eba22c93fb24475f7ee13113b0722b.jpg?1494317211"
"9357438","クラフト紙＊ミニマムサイズ（1セット400枚入）","400","文房具・ステーショナリー/ノート・メモ帳","https://minne.com/items/9357438","https://static.minne.com/productimages/34115025/medium/20840dbf92eba22c93fb24475f7ee13113b0722b.jpg?1494317211"
"9357417","クラフト紙＊9ｘ9cm（200枚入）","400","文房具・ステーショナリー/ノート・メモ帳","https://minne.com/items/9357417","https://static.minne.com/productimages/34115025/medium/20840dbf92eba22c93fb24475f7ee13113b0722b.jpg?1494317211"
"9244836","ノンホールピアス＊さんかくアイスブルー","580","アクセサリー/ピアス","https://minne.com/items/9244836","https://static.minne.com/productimages/34115025/medium/20840dbf92eba22c93fb24475f7ee13113b0722b.jpg?1494317211"
"9222324","パールとビーズの２wayネックレス","1450","アクセサリー/ネックレス","https://minne.com/items/9222324","https://static.minne.com/productimages/34115025/medium/20840dbf92eba22c93fb24475f7ee13113b0722b.jpg?1494317211"
"9244766","ドーム＊ピアス","480","アクセサリー/ピアス","https://minne.com/items/9244766","https://static.minne.com/productimages/34115025/medium/20840dbf92eba22c93fb24475f7ee13113b0722b.jpg?1494317211"
"9244877","きらきらシュガー☆ヘアピン","450","アクセサリー/ヘアピン","https://minne.com/items/9244877","https://static.minne.com/productimages/34115025/medium/20840dbf92eba22c93fb24475f7ee13113b0722b.jpg?1494317211"
